-- MySQL dump 10.13  Distrib 8.0.32, for Linux (x86_64)
--
-- Host: 127.0.0.1    Database: backend
-- ------------------------------------------------------
-- Server version	8.0.34-0ubuntu0.22.04.1

/*!40101 SET @OLD_CHARACTER_SET_CLIENT=@@CHARACTER_SET_CLIENT */;
/*!40101 SET @OLD_CHARACTER_SET_RESULTS=@@CHARACTER_SET_RESULTS */;
/*!40101 SET @OLD_COLLATION_CONNECTION=@@COLLATION_CONNECTION */;
/*!50503 SET NAMES utf8 */;
/*!40103 SET @OLD_TIME_ZONE=@@TIME_ZONE */;
/*!40103 SET TIME_ZONE='+00:00' */;
/*!40014 SET @OLD_UNIQUE_CHECKS=@@UNIQUE_CHECKS, UNIQUE_CHECKS=0 */;
/*!40014 SET @OLD_FOREIGN_KEY_CHECKS=@@FOREIGN_KEY_CHECKS, FOREIGN_KEY_CHECKS=0 */;
/*!40101 SET @OLD_SQL_MODE=@@SQL_MODE, SQL_MODE='NO_AUTO_VALUE_ON_ZERO' */;
/*!40111 SET @OLD_SQL_NOTES=@@SQL_NOTES, SQL_NOTES=0 */;

--
-- Table structure for table `AssignedBlockchainAddress`
--

DROP DATABASE IF EXISTS `backend2`;
CREATE DATABASE `backend2`;

USE `backend2`;

DROP TABLE IF EXISTS `AssignedBlockchainAddress`;
/*!40101 SET @saved_cs_client     = @@character_set_client */;
/*!50503 SET character_set_client = utf8mb4 */;
CREATE TABLE `AssignedBlockchainAddress` (
  `id` int NOT NULL AUTO_INCREMENT,
  `address` varchar(191) COLLATE utf8mb4_unicode_ci NOT NULL,
  `email` varchar(191) COLLATE utf8mb4_unicode_ci NOT NULL,
  PRIMARY KEY (`id`),
  UNIQUE KEY `AssignedBlockchainAddress_address_key` (`address`),
  UNIQUE KEY `AssignedBlockchainAddress_email_key` (`email`),
  CONSTRAINT `AssignedBlockchainAddress_address_fkey` FOREIGN KEY (`address`) REFERENCES `AvailableBlockchainAddress` (`address`) ON DELETE CASCADE ON UPDATE CASCADE
) ENGINE=InnoDB AUTO_INCREMENT=9 DEFAULT CHARSET=utf8mb4 COLLATE=utf8mb4_unicode_ci;
/*!40101 SET character_set_client = @saved_cs_client */;

--
-- Dumping data for table `AssignedBlockchainAddress`
--

LOCK TABLES `AssignedBlockchainAddress` WRITE;
/*!40000 ALTER TABLE `AssignedBlockchainAddress` DISABLE KEYS */;
INSERT INTO `AssignedBlockchainAddress` VALUES (1,'0x1Fd644b3b7f98be0D608525AA08e58020AD84DfE','qwe@qwe.qwe'),(2,'0x427e73BB23d854d0c72BE7d15C88672F01a2AFC5','asd@asd.asd'),(3,'0x40Eea89B7BF223e209Ac3bf2a88912572bF05628','zxc@zxc.zxc'),(4,'0x729E74af70a66FE03e29E5b53E934A3f9C2C7C55','cust1@test.com'),(5,'0xD8510A526aD43d88AB880E820b0E1cB217F69AdD','cust2@test.com'),(6,'0x48e2f1cCB8A38F3c127047635b8917e2cC44aeA0','cust3@test.com'),(7,'0xBBBa8aC633290460D7a46091b77e911492D4111B','cust4@test.com'),(8,'0x11A631A19c878dA1aD969E64af48A68caDa46BAC','cust5@test.com');
/*!40000 ALTER TABLE `AssignedBlockchainAddress` ENABLE KEYS */;
UNLOCK TABLES;

--
-- Table structure for table `AvailableBlockchainAddress`
--

DROP TABLE IF EXISTS `AvailableBlockchainAddress`;
/*!40101 SET @saved_cs_client     = @@character_set_client */;
/*!50503 SET character_set_client = utf8mb4 */;
CREATE TABLE `AvailableBlockchainAddress` (
  `id` int NOT NULL AUTO_INCREMENT,
  `address` varchar(255) COLLATE utf8mb4_unicode_ci NOT NULL,
  PRIMARY KEY (`id`),
  UNIQUE KEY `AvailableBlockchainAddress_address_key` (`address`)
) ENGINE=InnoDB AUTO_INCREMENT=101 DEFAULT CHARSET=utf8mb4 COLLATE=utf8mb4_unicode_ci;
/*!40101 SET character_set_client = @saved_cs_client */;

--
-- Dumping data for table `AvailableBlockchainAddress`
--

LOCK TABLES `AvailableBlockchainAddress` WRITE;
/*!40000 ALTER TABLE `AvailableBlockchainAddress` DISABLE KEYS */;
INSERT INTO `AvailableBlockchainAddress` VALUES (89,'0x0087d733da90a6eD418ecbB97776C3D6Db91c85B'),(52,'0x01985F7D085515C42Be83e40B82ec20f6C8b0AD6'),(46,'0x027962aE1147fE47Fe02484583e37dc33fd69f9e'),(16,'0x0396dE6F1356E4A1b536D216c2d2bd0200326270'),(92,'0x0B656254986bf97b88Adb04463c060574bb4DF56'),(50,'0x0E35Fd7bD8a00792A21E4dec562FB0A69e3b25df'),(8,'0x11A631A19c878dA1aD969E64af48A68caDa46BAC'),(61,'0x13EE190efD8D6dc6bBCf3b195d305f251906680b'),(23,'0x163B4aF81021D9623426D76bA3089574a8C0d6f9'),(35,'0x174809b76D088fA147Eac72F9A602862884188bb'),(32,'0x1E65CfF21E0eBeCF2BfEb52EFd7db37bC95fC131'),(1,'0x1Fd644b3b7f98be0D608525AA08e58020AD84DfE'),(70,'0x26EE58C3aFA744F2EC949AeFAB4EFca4780b9c62'),(68,'0x320772531b87E4c09376Da2318bED59B7A78AacD'),(65,'0x35accfff7a67dA412a5171D22CCf376742bA9d3a'),(82,'0x373291063699e163A337fa91F1C9076EB0F91F79'),(55,'0x377ef20DF86950a01D3ACa688f74d8f74E912DF2'),(54,'0x391B93347Db43ea054C586Da529b3C61934e083C'),(3,'0x40Eea89B7BF223e209Ac3bf2a88912572bF05628'),(2,'0x427e73BB23d854d0c72BE7d15C88672F01a2AFC5'),(53,'0x44d1885b62770faE4e99c2900c736E0E1377c17B'),(6,'0x48e2f1cCB8A38F3c127047635b8917e2cC44aeA0'),(74,'0x521FFD0a59548a4D7EC7c869E66B06806F8bD55f'),(21,'0x54978323C2595b0f9e1f7CAF565D5F768B84cB64'),(17,'0x578B1009E0a97A98437Bf64EFa1e2B856d87585d'),(79,'0x57ab8acf0dddbef945a3aAaA4902484a194788a1'),(45,'0x5823a2307E2eD066d94f97C94F946E54cfA9bce4'),(86,'0x58770F475848c09548ee8eFA38a90139Cb49CFbE'),(27,'0x5FDE800A97F5d620093599292a24b14620BBE2FD'),(93,'0x62E96a447d37a9Ae59C50e8BEC6BD496EAF1B1ED'),(12,'0x6338A4C1eFe69A849ec32d7516c578DB357Afbb7'),(57,'0x68DBd5544D90a8785F75000F5d2a301f17095d7a'),(19,'0x6b01B8831B40D42dd2a88656075Aa116BA13268d'),(75,'0x6C037162D7A6E5e2018f3a51377158838DDD0dD2'),(18,'0x6Fc77723b0c7967d9eAbfb2d9d378a0023A594F4'),(4,'0x729E74af70a66FE03e29E5b53E934A3f9C2C7C55'),(99,'0x73111f2A1e00a7E2CE69c677CFDbbCC62846FED8'),(73,'0x75fD8147fE1Ab1A836517B45Bf933148Ed7754Ef'),(66,'0x7990b4261838Fc9F3b2b88B05E140E40b972B0f9'),(88,'0x7A31c9DDfFA7a21c9e47db54b1BF2073ad86f49b'),(81,'0x7BF2e9626De41067CFCBF71c228BB2A385214256'),(28,'0x7C21664e49dC4d7c8Fd5092729b58dd90260527f'),(67,'0x7F0c7caA4D689b6518256F1F35da995eecBCa87e'),(15,'0x81a45FD2E1edD332648b9Ce5BC8504655F137fcf'),(83,'0x833285E66F6BC926364DA76Fc646c171F132659f'),(31,'0x85f510A358795EEBc96443d062Edf903E466E51E'),(39,'0x879860E996E0Ad052E75446a8aa5c8D5E465ec36'),(85,'0x87B2113c12a27122733c18AF15D0978b7ddBEd5a'),(22,'0x87E229A2312947E15F03A8D5B40363c77f38531b'),(24,'0x8868FCcA50AA15F9C86ED9A099B9E2936b2cf2aE'),(11,'0x8fa8392be7651Ac0819865c5cc4d6ea268c85F89'),(80,'0x92CBaA69B01BbEd6b8dDf0a32a3a46b230a622E3'),(100,'0x94a453035Ceb669eB764E731602374AFADc5835C'),(95,'0x95B2bDA47455922383a0A2d45C0080162892C144'),(87,'0x9602e5598098656Bc4236B3fCd0C05FF0fea051e'),(78,'0x9745c4557FAb756dEfd58D6D3e11CecCf5A69A70'),(58,'0x9826D61dC79eAd88A1FAB64FC2AD8FFDa10010C4'),(41,'0x9AdE27736ed8482262B1a045fAcaB62fF8bc22FB'),(72,'0x9F53C2E1e07e23015B7619B5be0d83742D3c56B5'),(37,'0xa16f7A8b44b3f4a2C316fE79bC0bd3cB206F932D'),(48,'0xa2f2798655b49970cb189560aF443d951119C35E'),(30,'0xA5F23dC315D316807eb4ADAA4DC7Dd5276673CfD'),(51,'0xA81d42117d9745d6CcfC5e0Bec3E19a57592d1da'),(71,'0xaBe36A8886bFdB2444B9b595af7104538eA8e516'),(47,'0xafd02900194565d455A95D2638B6E6077Bd0a328'),(42,'0xB18392DbeF5d8fE6DB44eD3d490dA6a8235170ff'),(20,'0xB216e075623995D6f2F743d37a2e70299bd83803'),(38,'0xb30FA4c2976327Eae2740A8A7041761EC1bdC079'),(49,'0xB6d2062255D16E845AA75AaA78f610e69543efc1'),(69,'0xB7ab4E94F06dAc7D85e4392DB4C28F2e3481D0AC'),(26,'0xB8EcE305955C4909485E58360e9C5A3749f33A68'),(40,'0xbA1e1136dC3e693688CA7f24f4000B79682965aF'),(7,'0xBBBa8aC633290460D7a46091b77e911492D4111B'),(59,'0xbCC5Ee29c9D5432401deb03035C155b118B9a818'),(84,'0xC1615fe85cD20aa9e4f64949d5c4792f0aDA7861'),(76,'0xc19209e501533Be84C2E103f16C39498118Cd617'),(44,'0xc1b3Fd98CC9541BB90b19EE1c0C5C9633421D73b'),(62,'0xC1fA442762AaBcDfa0fe06Ef919EE105F68eC906'),(10,'0xC2B4e8957688Dd7010ea3831a34C6cC1D299f811'),(25,'0xC3CE00f3B2728fd6736c71aA80a320D798D36078'),(56,'0xc5441806ADF3f9d93d46DB414F0EEB7f76e288D4'),(14,'0xc7A5Ca4104DfF488bC2fCA762D3A2794E260C2a4'),(34,'0xC98B18D1d37Afeb330e8f23D6467343A0FB6E4f0'),(96,'0xCA319D4A6b105d1d6c3c756216dA19Eae1376258'),(97,'0xD18f5c5B7bb68433795690f18401AB4ac22f0da7'),(33,'0xD237D435C040A15034c18b686cb3Ce1D6d6290C1'),(94,'0xD658a83BCBCEF51929E4d7C73C64Df0DDB92d28a'),(91,'0xD79c5DF0dF2E75DD2F45bB6a71Ac21F059e39Ee0'),(5,'0xD8510A526aD43d88AB880E820b0E1cB217F69AdD'),(90,'0xE24ACdC2E17066C53376B2c01D05609b3F0D836E'),(77,'0xe34c1f41c9b2a7991f66C568C8A60D8b926417e6'),(13,'0xE39723a52562E2a2E48b0bb9b5e1f294aC797AaE'),(64,'0xe487dF288E2B7Daab66E572f6f26986113FD0D32'),(29,'0xE94Ff3fA0b3Bdd3bd524eC143c78C11F37E268Ee'),(43,'0xeB7b392A06D0F6900Da128Ca1547d53022e6a2DF'),(9,'0xeDcBf69f2c3b4ddaF0Fb4788DCD65ee309cc1b23'),(98,'0xee774b3841A72009d670Da6db2ce08B445a3758b'),(36,'0xfC983A147eAA3986054DE6f70D497E93C5fEa6aE'),(60,'0xFE53be66ABE220946C785dF3426d062bd1747EfC'),(63,'0xff38e3F91c2d8339d3b302CBF62108AbF7E8b97E');
/*!40000 ALTER TABLE `AvailableBlockchainAddress` ENABLE KEYS */;
UNLOCK TABLES;

--
-- Table structure for table `Customer`
--

DROP TABLE IF EXISTS `Customer`;
/*!40101 SET @saved_cs_client     = @@character_set_client */;
/*!50503 SET character_set_client = utf8mb4 */;
CREATE TABLE `Customer` (
  `id` int NOT NULL AUTO_INCREMENT,
  `name` varchar(191) COLLATE utf8mb4_unicode_ci DEFAULT NULL,
  `email` varchar(191) COLLATE utf8mb4_unicode_ci DEFAULT NULL,
  `address` varchar(191) COLLATE utf8mb4_unicode_ci DEFAULT NULL,
  PRIMARY KEY (`id`),
  UNIQUE KEY `Customer_email_key` (`email`),
  UNIQUE KEY `Customer_address_key` (`address`)
) ENGINE=InnoDB AUTO_INCREMENT=1006 DEFAULT CHARSET=utf8mb4 COLLATE=utf8mb4_unicode_ci;
/*!40101 SET character_set_client = @saved_cs_client */;

--
-- Dumping data for table `Customer`
--

LOCK TABLES `Customer` WRITE;
/*!40000 ALTER TABLE `Customer` DISABLE KEYS */;
INSERT INTO `Customer` VALUES (1001,'Customer 1','cust1@test.com','0x729E74af70a66FE03e29E5b53E934A3f9C2C7C55'),(1002,'Customer 2','cust2@test.com','0xD8510A526aD43d88AB880E820b0E1cB217F69AdD'),(1003,'Customer 3','cust3@test.com','0x48e2f1cCB8A38F3c127047635b8917e2cC44aeA0'),(1004,'Customer 4','cust4@test.com','0xBBBa8aC633290460D7a46091b77e911492D4111B'),(1005,'Customer 5','cust5@test.com','0x11A631A19c878dA1aD969E64af48A68caDa46BAC');
/*!40000 ALTER TABLE `Customer` ENABLE KEYS */;
UNLOCK TABLES;

--
-- Table structure for table `Inventory`
--

DROP TABLE IF EXISTS `Inventory`;
/*!40101 SET @saved_cs_client     = @@character_set_client */;
/*!50503 SET character_set_client = utf8mb4 */;
CREATE TABLE `Inventory` (
  `id` int NOT NULL AUTO_INCREMENT,
  `customerId` int NOT NULL,
  PRIMARY KEY (`id`),
  UNIQUE KEY `Inventory_customerId_key` (`customerId`),
  CONSTRAINT `Inventory_customerId_fkey` FOREIGN KEY (`customerId`) REFERENCES `Customer` (`id`) ON DELETE CASCADE ON UPDATE CASCADE
) ENGINE=InnoDB AUTO_INCREMENT=6 DEFAULT CHARSET=utf8mb4 COLLATE=utf8mb4_unicode_ci;
/*!40101 SET character_set_client = @saved_cs_client */;

--
-- Dumping data for table `Inventory`
--

LOCK TABLES `Inventory` WRITE;
/*!40000 ALTER TABLE `Inventory` DISABLE KEYS */;
INSERT INTO `Inventory` VALUES (1,1001),(2,1002),(3,1003),(4,1004),(5,1005);
/*!40000 ALTER TABLE `Inventory` ENABLE KEYS */;
UNLOCK TABLES;

--
-- Table structure for table `MFA`
--

DROP TABLE IF EXISTS `MFA`;
/*!40101 SET @saved_cs_client     = @@character_set_client */;
/*!50503 SET character_set_client = utf8mb4 */;
CREATE TABLE `MFA` (
  `id` int NOT NULL AUTO_INCREMENT,
  `userId` int NOT NULL,
  `status` tinyint(1) NOT NULL,
  `verified` tinyint(1) NOT NULL,
  `ascii` varchar(255) COLLATE utf8mb4_unicode_ci NOT NULL,
  `hex` varchar(255) COLLATE utf8mb4_unicode_ci NOT NULL,
  `base32` varchar(255) COLLATE utf8mb4_unicode_ci NOT NULL,
  `otpAuthUrl` varchar(255) COLLATE utf8mb4_unicode_ci NOT NULL,
  `qr` text COLLATE utf8mb4_unicode_ci NOT NULL,
  PRIMARY KEY (`id`),
  UNIQUE KEY `MFA_userId_key` (`userId`),
  CONSTRAINT `MFA_userId_fkey` FOREIGN KEY (`userId`) REFERENCES `User` (`id`) ON DELETE CASCADE ON UPDATE CASCADE
) ENGINE=InnoDB DEFAULT CHARSET=utf8mb4 COLLATE=utf8mb4_unicode_ci;
/*!40101 SET character_set_client = @saved_cs_client */;

--
-- Dumping data for table `MFA`
--

LOCK TABLES `MFA` WRITE;
/*!40000 ALTER TABLE `MFA` DISABLE KEYS */;
/*!40000 ALTER TABLE `MFA` ENABLE KEYS */;
UNLOCK TABLES;

--
-- Table structure for table `Order`
--

DROP TABLE IF EXISTS `Order`;
/*!40101 SET @saved_cs_client     = @@character_set_client */;
/*!50503 SET character_set_client = utf8mb4 */;
CREATE TABLE `Order` (
  `id` int NOT NULL AUTO_INCREMENT,
  `customerId` int NOT NULL,
  `createdAt` datetime(3) NOT NULL DEFAULT CURRENT_TIMESTAMP(3),
  `deliveredAt` datetime(3) DEFAULT NULL,
  `type` enum('INCOMING','OUTCOMING') COLLATE utf8mb4_unicode_ci NOT NULL,
  `status` enum('PLACED','PROCESS','COMPLETED','CANCELED') COLLATE utf8mb4_unicode_ci NOT NULL DEFAULT 'PLACED',
  PRIMARY KEY (`id`),
  KEY `Order_customerId_fkey` (`customerId`),
  CONSTRAINT `Order_customerId_fkey` FOREIGN KEY (`customerId`) REFERENCES `Customer` (`id`) ON DELETE CASCADE ON UPDATE CASCADE
) ENGINE=InnoDB AUTO_INCREMENT=13 DEFAULT CHARSET=utf8mb4 COLLATE=utf8mb4_unicode_ci;
/*!40101 SET character_set_client = @saved_cs_client */;

--
-- Dumping data for table `Order`
--

LOCK TABLES `Order` WRITE;
/*!40000 ALTER TABLE `Order` DISABLE KEYS */;
INSERT INTO `Order` VALUES (1,1001,'2023-09-27 20:18:32.873','2023-09-27 20:18:32.892','INCOMING','COMPLETED'),(2,1002,'2023-09-27 20:18:32.943','2023-09-27 20:18:32.961','INCOMING','COMPLETED'),(3,1003,'2023-09-27 20:18:32.996','2023-09-27 20:18:33.007','INCOMING','COMPLETED'),(4,1004,'2023-09-27 20:18:33.043','2023-09-27 20:18:33.055','INCOMING','COMPLETED'),(5,1005,'2023-09-27 20:18:33.093','2023-09-27 20:18:33.104','INCOMING','COMPLETED'),(6,1001,'2023-09-27 20:18:33.131','2023-09-27 20:18:33.144','INCOMING','COMPLETED'),(7,1001,'2023-09-27 20:18:33.159','2023-09-27 20:18:33.171','OUTCOMING','COMPLETED'),(8,1001,'2023-09-27 20:41:06.753','2023-09-27 20:42:11.597','OUTCOMING','COMPLETED'),(9,1005,'2023-09-27 20:41:12.752','2023-09-27 20:42:02.004','OUTCOMING','COMPLETED'),(10,1003,'2023-09-27 20:41:18.752','2023-09-27 20:41:52.815','INCOMING','COMPLETED'),(11,1005,'2023-09-27 20:41:24.752','2023-09-27 20:41:42.529','INCOMING','COMPLETED'),(12,1004,'2023-09-27 20:41:30.752','2023-09-27 20:42:29.785','INCOMING','COMPLETED');
/*!40000 ALTER TABLE `Order` ENABLE KEYS */;
UNLOCK TABLES;

--
-- Table structure for table `Receipt`
--

DROP TABLE IF EXISTS `Receipt`;
/*!40101 SET @saved_cs_client     = @@character_set_client */;
/*!50503 SET character_set_client = utf8mb4 */;
CREATE TABLE `Receipt` (
  `id` int NOT NULL AUTO_INCREMENT,
  `orderId` int NOT NULL,
  `to` varchar(191) COLLATE utf8mb4_unicode_ci NOT NULL,
  `from` varchar(191) COLLATE utf8mb4_unicode_ci NOT NULL,
  `blockHash` varchar(191) COLLATE utf8mb4_unicode_ci NOT NULL,
  `blockNumber` int NOT NULL,
  `status` int NOT NULL,
  `hash` varchar(191) COLLATE utf8mb4_unicode_ci NOT NULL,
  PRIMARY KEY (`id`),
  UNIQUE KEY `Receipt_orderId_key` (`orderId`),
  UNIQUE KEY `Receipt_hash_key` (`hash`),
  CONSTRAINT `Receipt_orderId_fkey` FOREIGN KEY (`orderId`) REFERENCES `Order` (`id`) ON DELETE CASCADE ON UPDATE CASCADE
) ENGINE=InnoDB AUTO_INCREMENT=13 DEFAULT CHARSET=utf8mb4 COLLATE=utf8mb4_unicode_ci;
/*!40101 SET character_set_client = @saved_cs_client */;

--
-- Dumping data for table `Receipt`
--

LOCK TABLES `Receipt` WRITE;
/*!40000 ALTER TABLE `Receipt` DISABLE KEYS */;
INSERT INTO `Receipt` VALUES (1,5,'0xa65685a06fa6774637a222BB86639042618cC4Ff','0x11A631A19c878dA1aD969E64af48A68caDa46BAC','0xa041ee57936ae04c92bb69c1150608ce42201f80fed7cda512e5fb14ceb77919',16,1,'0x8c13aa1888dfa6956ff0ecc5f0663d9db707eb375e1c92776b5414a8322acb53'),(2,1,'0xa65685a06fa6774637a222BB86639042618cC4Ff','0x729E74af70a66FE03e29E5b53E934A3f9C2C7C55','0x1c4c5cbb7381539bc1b8e0ec55b3f70f6c6fcdf2ad30d2c80f5675d22b0362c9',93,1,'0x61e97b1a0e6dced67a2633f6c2aec6c08e778080ae4bd3ef75b9d08ce585a041'),(3,6,'0xa65685a06fa6774637a222BB86639042618cC4Ff','0x729E74af70a66FE03e29E5b53E934A3f9C2C7C55','0x83f294f4ae505d95b2e7a9badcb54e417a793bf37aca8e12ea0dde0cb04ac7f5',95,1,'0xfea66c9eda7fcd7cd0254ee59fa960990c457a7285ea1756b8af282af604404f'),(4,7,'0xa65685a06fa6774637a222BB86639042618cC4Ff','0x729E74af70a66FE03e29E5b53E934A3f9C2C7C55','0x29eb52cfa5687f03a875c19e7841ce42fbe7876056e3396a0682af1229aa28de',98,1,'0x0f185abbc3aaf6bdc3ee10e8305e0cdb865fd499ac29a3ec50adc217e07801b8'),(5,4,'0xa65685a06fa6774637a222BB86639042618cC4Ff','0xBBBa8aC633290460D7a46091b77e911492D4111B','0xce47566d440944a31771521ab2d6178a2be1dc3a50e34b380ec0090305107898',101,1,'0x1849d035f94d5ffb225ffc0605782d48d204bb58baa37c5498f7ec16095fb09c'),(6,3,'0xa65685a06fa6774637a222BB86639042618cC4Ff','0x48e2f1cCB8A38F3c127047635b8917e2cC44aeA0','0xfa62fb9c1f19b29ac34139a201b0821ee72abf467c81260bc987a56548bfd972',103,1,'0xa30d18e916fd254309739cf1e15f2621a86856b032810a9c5f2924b642e7eea9'),(7,2,'0xa65685a06fa6774637a222BB86639042618cC4Ff','0xD8510A526aD43d88AB880E820b0E1cB217F69AdD','0x063d87a264ed8a24f00ad503b60d15c1b0926c7289f3e50e90e94ebbc121aab7',106,1,'0xcd3f85f6acfeb39d28a34d13fe6cdb15f91ad597fe059d56b7a8ab29c390a144'),(8,8,'0xa65685a06fa6774637a222BB86639042618cC4Ff','0x729E74af70a66FE03e29E5b53E934A3f9C2C7C55','0xc4a384b0685ab88630492486ed24b0b58e81f2ed45619b572e036a0102964155',115,1,'0xae13d8488d796c116238b23948bd4070b1447a3b2ee9c3936f2a89a589edf442'),(9,9,'0xa65685a06fa6774637a222BB86639042618cC4Ff','0x11A631A19c878dA1aD969E64af48A68caDa46BAC','0x807997eb17b2e14329c16fe1691521d481fd18a925000d9d0cecdfe59975b4b3',117,1,'0x4445e960b4039bbf4e798f4fda89d43ff107386b921fa917f18fa8c389e69c60'),(10,10,'0xa65685a06fa6774637a222BB86639042618cC4Ff','0x48e2f1cCB8A38F3c127047635b8917e2cC44aeA0','0x21918db0edc3335b962a7aa8cfda540aacca1f38760056ac1ea165818c0e3dab',120,1,'0xaa0b3f67e8bb20f33229ec8fc8825735ef14357d707576c16487094a5042cab7'),(11,11,'0xa65685a06fa6774637a222BB86639042618cC4Ff','0x11A631A19c878dA1aD969E64af48A68caDa46BAC','0x201e05cf89750e402d303409ddb34c9ab7b73f21340cd7025456ac976abfd108',122,1,'0x51e7bd705b24a747143fe69ceae8beead28d1a3a812e088e3b35485fa8e938ee'),(12,12,'0xa65685a06fa6774637a222BB86639042618cC4Ff','0xBBBa8aC633290460D7a46091b77e911492D4111B','0x91d6c4a9244ebbf70d24c9001275dc1bba754527e1b8950d5d86296af8c9b41c',124,1,'0x5ab1be650f29b3fba6599dd5b45f6513e9bc956fb9712d3595dfa216bb9835be');
/*!40000 ALTER TABLE `Receipt` ENABLE KEYS */;
UNLOCK TABLES;

--
-- Table structure for table `Resource`
--

DROP TABLE IF EXISTS `Resource`;
/*!40101 SET @saved_cs_client     = @@character_set_client */;
/*!50503 SET character_set_client = utf8mb4 */;
CREATE TABLE `Resource` (
  `id` int NOT NULL AUTO_INCREMENT,
  `inventoryId` int NOT NULL,
  `orderId` int NOT NULL,
  `title` enum('WHEAT','FLOUR','BREAD') COLLATE utf8mb4_unicode_ci NOT NULL DEFAULT 'WHEAT',
  `amount` int NOT NULL,
  PRIMARY KEY (`id`),
  KEY `Resource_inventoryId_fkey` (`inventoryId`),
  KEY `Resource_orderId_fkey` (`orderId`),
  CONSTRAINT `Resource_inventoryId_fkey` FOREIGN KEY (`inventoryId`) REFERENCES `Inventory` (`id`) ON DELETE CASCADE ON UPDATE CASCADE,
  CONSTRAINT `Resource_orderId_fkey` FOREIGN KEY (`orderId`) REFERENCES `Order` (`id`) ON DELETE CASCADE ON UPDATE CASCADE
) ENGINE=InnoDB AUTO_INCREMENT=13 DEFAULT CHARSET=utf8mb4 COLLATE=utf8mb4_unicode_ci;
/*!40101 SET character_set_client = @saved_cs_client */;

--
-- Dumping data for table `Resource`
--

LOCK TABLES `Resource` WRITE;
/*!40000 ALTER TABLE `Resource` DISABLE KEYS */;
INSERT INTO `Resource` VALUES (1,1,1,'WHEAT',1000),(2,2,2,'WHEAT',1000),(3,3,3,'WHEAT',1000),(4,4,4,'WHEAT',1000),(5,5,5,'WHEAT',1000),(6,1,6,'WHEAT',500),(7,1,7,'WHEAT',250),(8,1,8,'WHEAT',102),(9,5,9,'WHEAT',167),(10,3,10,'FLOUR',734),(11,5,11,'FLOUR',739),(12,4,12,'WHEAT',748);
/*!40000 ALTER TABLE `Resource` ENABLE KEYS */;
UNLOCK TABLES;

--
-- Table structure for table `User`
--

DROP TABLE IF EXISTS `User`;
/*!40101 SET @saved_cs_client     = @@character_set_client */;
/*!50503 SET character_set_client = utf8mb4 */;
CREATE TABLE `User` (
  `id` int NOT NULL AUTO_INCREMENT,
  `firstName` varchar(191) COLLATE utf8mb4_unicode_ci DEFAULT NULL,
  `lastName` varchar(191) COLLATE utf8mb4_unicode_ci DEFAULT NULL,
  `email` varchar(191) COLLATE utf8mb4_unicode_ci NOT NULL,
  `password` varchar(191) COLLATE utf8mb4_unicode_ci NOT NULL,
  `role` enum('ADMIN','MODERATOR','USER') COLLATE utf8mb4_unicode_ci NOT NULL DEFAULT 'USER',
  `refreshToken` varchar(255) COLLATE utf8mb4_unicode_ci NOT NULL,
  `mfaId` int DEFAULT NULL,
  `address` varchar(191) COLLATE utf8mb4_unicode_ci DEFAULT NULL,
  PRIMARY KEY (`id`),
  UNIQUE KEY `User_email_key` (`email`)
) ENGINE=InnoDB AUTO_INCREMENT=4 DEFAULT CHARSET=utf8mb4 COLLATE=utf8mb4_unicode_ci;
/*!40101 SET character_set_client = @saved_cs_client */;

--
-- Dumping data for table `User`
--

LOCK TABLES `User` WRITE;
/*!40000 ALTER TABLE `User` DISABLE KEYS */;
INSERT INTO `User` VALUES (1,'qwe','qwe','qwe@qwe.qwe','$2b$10$nVGK4J9nmwqyy0GuMDaEduTYH5aj/FTu6QECr5A/6S7r3adwkZEEe','ADMIN','eyJhbGciOiJIUzI1NiIsInR5cCI6IkpXVCJ9.eyJwYXlsb2FkIjp7ImVtYWlsIjoicXdlQHF3ZS5xd2UiLCJyb2xlIjoiQURNSU4ifSwiaWF0IjoxNjk1ODQ1OTE4LCJleHAiOjE2OTU5MzIzMTh9.rg3xlomYOuMeXrqkhcrD_z_JfgEcsGA7stUkK4jR0L8',NULL,'0x1Fd644b3b7f98be0D608525AA08e58020AD84DfE'),(2,'asd','asd','asd@asd.asd','$2b$10$X/GNxiC3OPDjkfqomyU9tu64jyrsymdgGQMFpO.6bmrlUr6IqDrYG','MODERATOR','',NULL,'0x427e73BB23d854d0c72BE7d15C88672F01a2AFC5'),(3,'zxc','zxc','zxc@zxc.zxc','$2b$10$cEo00g8uPYVPVXUn/JGUp.B59SluOLtV6fV7Fm.GRCKoP7HJ82P.m','USER','',NULL,'0x40Eea89B7BF223e209Ac3bf2a88912572bF05628');
/*!40000 ALTER TABLE `User` ENABLE KEYS */;
UNLOCK TABLES;

--
-- Table structure for table `_prisma_migrations`
--

DROP TABLE IF EXISTS `_prisma_migrations`;
/*!40101 SET @saved_cs_client     = @@character_set_client */;
/*!50503 SET character_set_client = utf8mb4 */;
CREATE TABLE `_prisma_migrations` (
  `id` varchar(36) COLLATE utf8mb4_unicode_ci NOT NULL,
  `checksum` varchar(64) COLLATE utf8mb4_unicode_ci NOT NULL,
  `finished_at` datetime(3) DEFAULT NULL,
  `migration_name` varchar(255) COLLATE utf8mb4_unicode_ci NOT NULL,
  `logs` text COLLATE utf8mb4_unicode_ci,
  `rolled_back_at` datetime(3) DEFAULT NULL,
  `started_at` datetime(3) NOT NULL DEFAULT CURRENT_TIMESTAMP(3),
  `applied_steps_count` int unsigned NOT NULL DEFAULT '0',
  PRIMARY KEY (`id`)
) ENGINE=InnoDB DEFAULT CHARSET=utf8mb4 COLLATE=utf8mb4_unicode_ci;
/*!40101 SET character_set_client = @saved_cs_client */;

--
-- Dumping data for table `_prisma_migrations`
--

LOCK TABLES `_prisma_migrations` WRITE;
/*!40000 ALTER TABLE `_prisma_migrations` DISABLE KEYS */;
INSERT INTO `_prisma_migrations` VALUES ('e77a13c5-074a-4948-ab51-5b90b2dfa086','0a0fd5da89d8d397e50de7410c0d2a1fb8c9205ee52bd1618ecda5094e609294','2023-09-27 20:18:29.025','20230825191706_init',NULL,NULL,'2023-09-27 20:18:28.016',1);
/*!40000 ALTER TABLE `_prisma_migrations` ENABLE KEYS */;
UNLOCK TABLES;

--
-- Dumping events for database 'backend'
--

--
-- Dumping routines for database 'backend'
--
/*!40103 SET TIME_ZONE=@OLD_TIME_ZONE */;

/*!40101 SET SQL_MODE=@OLD_SQL_MODE */;
/*!40014 SET FOREIGN_KEY_CHECKS=@OLD_FOREIGN_KEY_CHECKS */;
/*!40014 SET UNIQUE_CHECKS=@OLD_UNIQUE_CHECKS */;
/*!40101 SET CHARACTER_SET_CLIENT=@OLD_CHARACTER_SET_CLIENT */;
/*!40101 SET CHARACTER_SET_RESULTS=@OLD_CHARACTER_SET_RESULTS */;
/*!40101 SET COLLATION_CONNECTION=@OLD_COLLATION_CONNECTION */;
/*!40111 SET SQL_NOTES=@OLD_SQL_NOTES */;

-- Dump completed on 2023-09-27 23:50:24
